Numero de proyecto, Nombre, Costo, Fecha de entrega, Rentable, Cedula Arquitecto
1,Soho NY,2.3E7,Thu Jan 13 18:36:10 COT 2022,true,1711299584
2,Calibur LAX,1.0E7,Thu Jan 13 18:36:10 COT 2022,true,1799433221
3,YOO UIO,1.08005E7,Thu Jan 13 18:36:10 COT 2022,false,1872237463
4,Flex LIM,2.70002E7,Thu Jan 13 18:36:10 COT 2022,true,1928374657
5,One Tower NY,7.7375E7,Thu Jan 13 18:36:10 COT 2022,true,1928374657
6,Square NY,1.5020047E8,Thu Jan 13 18:36:10 COT 2022,true,1928376234
